[
  {
    "fullName": "Santosh Padhi",
    "fatherName": "Jagdish Padhi",
    "mobileNo": 9876543215,
    "gender": "Male",
    "education": "10th",
    "currentAddress": "Palo Alto, California, USA",
    "permanentAddress": "Palo Alto, California, USA",
    "UAN": "ABCD12345678",
    "aadhaarNo": 123412341234,
    "panNo": "CCLKP3822D",
    "drivingLicense": "DN123456789123",
    "designation": "Skilled",
    "joiningDate": "10-10-2020",
    "dailyWages": 500.00,
    "bankName": "Bank of Baroda",
    "ifscCode": "BARB0SILSIL",
    "accountNo": 34567890895678,
    "PFNominee": "Jagdish Padhi",
    "gratuityNominee": "Jagdish Padhi",
    "leaveNominee": "Jagdish Padhi"
  },
  {
    "fullName": "Priyanka Padhi",
    "fatherName": "Jagdish Padhi",
    "mobileNo": 9876543214,
    "gender": "Male",
    "education": "10th",
    "currentAddress": "Palo Alto, California, USA",
    "permanentAddress": "Palo Alto, California, USA",
    "UAN": "ABCD12345678",
    "aadhaarNo": 123412341234,
    "panNo": "CCLKP3822D",
    "drivingLicense": "DN123456789123",
    "designation": "Skilled",
    "joiningDate": "10-10-2020",
    "dailyWages": 500.00,
    "bankName": "Bank of Baroda",
    "ifscCode": "BARB0SILSIL",
    "accountNo": 34567890895678,
    "PFNominee": "Jagdish Padhi",
    "gratuityNominee": "Jagdish Padhi",
    "leaveNominee": "Jagdish Padhi"
  },
  {
    "fullName": "Jagdish Padhi",
    "fatherName": "Gopal Padhi",
    "mobileNo": 9876543213,
    "gender": "Male",
    "education": "10th",
    "currentAddress": "Palo Alto, California, USA",
    "permanentAddress": "Palo Alto, California, USA",
    "UAN": "ABCD12345678",
    "aadhaarNo": 123412341234,
    "panNo": "CCLKP3822D",
    "drivingLicense": "DN123456789123",
    "designation": "Skilled",
    "joiningDate": "10-10-2020",
    "dailyWages": 500.00,
    "bankName": "Bank of Baroda",
    "ifscCode": "BARB0SILSIL",
    "accountNo": 34567890895678,
    "PFNominee": "Jagdish Padhi",
    "gratuityNominee": "Jagdish Padhi",
    "leaveNominee": "Jagdish Padhi"
  },
  {
    "fullName": "Virat Kohli",
    "fatherName": "Jagdish Kohli",
    "mobileNo": 9876543210,
    "gender": "Male",
    "education": "10th",
    "currentAddress": "Palo Alto, California, USA",
    "permanentAddress": "Palo Alto, California, USA",
    "UAN": "ABCD12345678",
    "aadhaarNo": 123412341234,
    "panNo": "CCLKP3822D",
    "drivingLicense": "DN123456789123",
    "designation": "Skilled",
    "joiningDate": "10-10-2020",
    "dailyWages": 500.00,
    "bankName": "Bank of Baroda",
    "ifscCode": "BARB0SILSIL",
    "accountNo": 34567890895678,
    "PFNominee": "Jagdish Padhi",
    "gratuityNominee": "Jagdish Padhi",
    "leaveNominee": "Jagdish Padhi"
  },
  {
    "fullName": "Rohit Sharma",
    "fatherName": "Jagdish Padhi",
    "mobileNo": 9876543211,
    "gender": "Male",
    "education": "10th",
    "currentAddress": "Palo Alto, California, USA",
    "permanentAddress": "Palo Alto, California, USA",
    "UAN": "ABCD12345678",
    "aadhaarNo": 123412341234,
    "panNo": "CCLKP3822D",
    "drivingLicense": "DN123456789123",
    "designation": "Skilled",
    "joiningDate": "10-10-2020",
    "dailyWages": 500.00,
    "bankName": "Bank of Baroda",
    "ifscCode": "BARB0SILSIL",
    "accountNo": 34567890895678,
    "PFNominee": "Jagdish Padhi",
    "gratuityNominee": "Jagdish Padhi",
    "leaveNominee": "Jagdish Padhi"
  },{
  "fullName": "Sachin Pandey",
  "fatherName": "Jagdish Padhi",
  "mobileNo": 9876543298,
  "gender": "Male",
  "education": "10th",
  "currentAddress": "Palo Alto, California, USA",
  "permanentAddress": "Palo Alto, California, USA",
  "UAN": "ABCD12345678",
  "aadhaarNo": 123412341234,
  "panNo": "CCLKP3822D",
  "drivingLicense": "DN123456789123",
  "designation": "Skilled",
  "joiningDate": "10-10-2020",
  "dailyWages": 500.00,
  "bankName": "Bank of Baroda",
  "ifscCode": "BARB0SILSIL",
  "accountNo": 34567890895678,
  "PFNominee": "Jagdish Padhi",
  "gratuityNominee": "Jagdish Padhi",
  "leaveNominee": "Jagdish Padhi"
},
  {
    "fullName": "Suresh Raina",
    "fatherName": "Jagdish Padhi",
    "mobileNo": 9876543254,
    "gender": "Male",
    "education": "10th",
    "currentAddress": "Palo Alto, California, USA",
    "permanentAddress": "Palo Alto, California, USA",
    "UAN": "ABCD12345678",
    "aadhaarNo": 123412341234,
    "panNo": "CCLKP3822D",
    "drivingLicense": "DN123456789123",
    "designation": "Skilled",
    "joiningDate": "10-10-2020",
    "dailyWages": 500.00,
    "bankName": "Bank of Baroda",
    "ifscCode": "BARB0SILSIL",
    "accountNo": 34567890895678,
    "PFNominee": "Jagdish Padhi",
    "gratuityNominee": "Jagdish Padhi",
    "leaveNominee": "Jagdish Padhi"
  },
  {
    "fullName": "Lokesh Rahul",
    "fatherName": "Jagdish Padhi",
    "mobileNo": 9876543243,
    "gender": "Male",
    "education": "10th",
    "currentAddress": "Palo Alto, California, USA",
    "permanentAddress": "Palo Alto, California, USA",
    "UAN": "ABCD12345678",
    "aadhaarNo": 123412341234,
    "panNo": "CCLKP3822D",
    "drivingLicense": "DN123456789123",
    "designation": "Skilled",
    "joiningDate": "10-10-2020",
    "dailyWages": 500.00,
    "bankName": "Bank of Baroda",
    "ifscCode": "BARB0SILSIL",
    "accountNo": 34567890895678,
    "PFNominee": "Jagdish Padhi",
    "gratuityNominee": "Jagdish Padhi",
    "leaveNominee": "Jagdish Padhi"
  },
  {
    "fullName": "Sanu Patil",
    "fatherName": "Jagdish Padhi",
    "mobileNo": 9876543232,
    "gender": "Male",
    "education": "10th",
    "currentAddress": "Palo Alto, California, USA",
    "permanentAddress": "Palo Alto, California, USA",
    "UAN": "ABCD12345678",
    "aadhaarNo": 123412341234,
    "panNo": "CCLKP3822D",
    "drivingLicense": "DN123456789123",
    "designation": "Skilled",
    "joiningDate": "10-10-2020",
    "dailyWages": 500.00,
    "bankName": "Bank of Baroda",
    "ifscCode": "BARB0SILSIL",
    "accountNo": 34567890895678,
    "PFNominee": "Jagdish Padhi",
    "gratuityNominee": "Jagdish Padhi",
    "leaveNominee": "Jagdish Padhi"
  }
]
